date,open,high,low,close,volume
2025-05-13,33.04,33.3067,32.8,32.85,608111.0
2025-05-14,32.62,32.98,32.62,32.9,745088.0
2025-05-15,32.95,33.18,32.73,32.78,528496.0
2025-05-16,32.89,32.96,32.47,32.93,570105.0
2025-05-19,32.86,32.9,32.5,32.73,607030.0
2025-05-20,32.54,32.85,32.54,32.78,550563.0
2025-05-21,32.59,32.75,32.28,32.35,424894.0
2025-05-22,32.26,32.28,31.95,31.98,508597.0
2025-05-23,31.78,32.56,31.71,32.47,516089.0
2025-05-27,32.27,32.69,32.26,32.56,750768.0
2025-05-28,32.53,33.06,32.53,32.9,383953.0
2025-05-29,32.95,33.03,32.51,32.9,506995.0
2025-05-30,32.9,32.93,32.5,32.72,730058.0
2025-06-02,32.35,32.56,32.09,32.48,839203.0
2025-06-03,32.54,32.58,32.24,32.34,779324.0
2025-06-04,32.28,32.31,32.06,32.16,449688.0
2025-06-05,32.3,32.36,32.05,32.19,426000.0
2025-06-06,32.28,32.36,31.75,31.85,747620.0
2025-06-09,31.85,31.98,31.56,31.82,619271.0
2025-06-10,31.9,32.145,31.69,32.02,601155.0
2025-06-11,32.02,32.1,31.71,31.83,500362.0
2025-06-12,31.82,31.98,31.61,31.67,507719.0
2025-06-13,31.57,31.57,31.2,31.35,789401.0
2025-06-16,31.68,32.29,31.605,32.28,777481.0
2025-06-17,32.18,32.2501,31.73,31.84,740592.0
2025-06-18,31.89,32.49,31.84,32.31,715513.0
2025-06-20,32.77,33.01,32.27,32.6,3849760.0
2025-06-23,32.59,33.18,32.475,33.18,886737.0
2025-06-24,33.47,33.675,33.235,33.6,732359.0
2025-06-25,33.63,33.84,33.51,33.72,555640.0
2025-06-26,33.71,34.03,33.58,33.96,477568.0
2025-06-27,34.05,34.06,33.63,33.87,782497.0
2025-06-30,33.92,34.425,33.92,34.31,666104.0
2025-07-01,34.31,34.56,34.225,34.41,521906.0
2025-07-02,34.36,34.39,34.15,34.36,491348.0
2025-07-03,34.46,34.54,34.18,34.39,509803.0
2025-07-07,34.2,34.42,33.905,33.92,725104.0
2025-07-08,33.92,34.18,33.87,34.02,518257.0
2025-07-09,34.04,34.19,33.96,34.07,367681.0
2025-07-10,34.09,34.51,34.05,34.45,635082.0
2025-07-11,34.31,34.415,34.16,34.29,327304.0
2025-07-14,33.83,34.62,33.83,34.55,364209.0
2025-07-15,34.73,35.41,34.19,34.2,798477.0
2025-07-16,34.33,34.52,33.92,34.44,679967.0
2025-07-17,34.54,34.84,34.4,34.82,871509.0
2025-07-18,35.03,35.0889,34.38,34.46,782223.0
2025-07-21,34.41,34.84,33.51,33.55,827660.0
2025-07-22,33.56,33.97,33.56,33.67,614014.0
2025-07-23,33.67,34.07,33.5,33.75,596279.0
2025-07-24,33.75,33.85,33.35,33.55,486728.0
2025-07-25,33.63,33.74,33.395,33.69,478446.0
2025-07-28,33.65,33.78,33.56,33.72,560584.0
2025-07-29,33.84,33.88,33.505,33.57,444868.0
2025-07-30,33.66,33.84,33.41,33.52,690229.0
2025-07-31,33.24,33.78,33.24,33.42,778369.0
2025-08-01,33.29,33.525,32.39,33.25,576957.0
2025-08-04,33.25,33.65,33.25,33.6,581758.0
2025-08-05,33.62,33.73,33.38,33.55,1064202.0
2025-08-06,35.58,35.58,33.035,33.91,1234115.0
2025-08-07,34.43,34.89,33.52,33.54,1404823.0
2025-08-08,33.47,33.65,32.93,32.95,832171.0
2025-08-11,33.13,33.45,32.685,32.875,902189.0
2025-08-12,32.91,33.34,32.91,33.28,1212506.0
2025-08-13,33.35,34.07,33.3,34.04,1615470.0
2025-08-14,33.92,34.56,33.8133,34.4,872185.0
2025-08-15,34.59,34.59,33.99,34.03,549200.0
2025-08-18,34.18,34.28,33.84,34.23,867308.0
2025-08-19,34.3,34.585,34.3,34.57,591716.0
2025-08-20,34.47,34.75,34.115,34.22,527691.0
2025-08-21,34.21,34.52,34.1,34.47,394484.0
2025-08-22,34.7,35.255,34.55,35.17,559758.0
2025-08-25,35.15,35.24,34.65,34.71,617419.0
2025-08-26,34.68,34.68,34.22,34.29,488228.0
2025-08-27,34.22,34.49,34.06,34.11,420130.0
2025-08-28,34.28,34.47,33.89,34.05,501920.0
2025-08-29,34.01,34.09,33.7,33.87,595782.0
2025-09-02,33.53,33.64,33.015,33.21,508147.0
2025-09-03,32.98,33.24,31.97,32.89,1494159.0
2025-09-04,33.03,33.275,32.845,33.17,685161.0
2025-09-05,33.07,33.71,32.665,33.4,378838.0
2025-09-08,33.41,34.065,33.12,33.97,557149.0
2025-09-09,32.75,33.01,32.34,32.45,9093840.0
2025-09-10,32.35,32.4,31.56,31.56,1851853.0
2025-09-11,31.7,32.37,31.66,32.27,3981767.0
2025-09-12,32.21,32.47,32.055,32.27,1197011.0
2025-09-15,32.45,32.88,32.31,32.85,2043854.0
2025-09-16,32.79,32.98,32.5,32.8,1975046.0
2025-09-17,32.79,33.38,32.6,33.15,2510557.0
2025-09-18,33.46,33.82,33.23,33.56,1369253.0
2025-09-19,33.71,34.16,33.53,33.92,3124467.0
2025-09-22,33.94,34.25,33.75,34.15,1070303.0
2025-09-23,34.2,34.37,33.7,33.76,916939.0
2025-09-24,33.82,34.0,33.505,33.59,960712.0
2025-09-25,33.44,33.775,33.29,33.41,824155.0
2025-09-26,33.56,33.85,33.36,33.63,2690285.0
2025-09-29,33.75,34.54,33.62,34.46,1385764.0
2025-09-30,34.49,35.205,34.465,34.55,4658837.0
2025-10-01,34.33,34.33,32.395,32.46,2360332.0
2025-10-02,32.5,32.7,32.25,32.28,1552605.0
2025-10-03,32.52,32.67,32.04,32.09,1037132.0
2025-10-06,32.19,32.31,31.315,31.81,1211229.0
2025-10-07,31.62,31.73,30.86,30.89,1084553.0
2025-10-08,30.78,30.86,30.39,30.5,864637.0
2025-10-09,30.42,30.66,29.63,29.71,907830.0
2025-10-10,29.82,30.6928,29.26,29.28,916466.0
2025-10-13,29.41,29.575,29.25,29.55,805698.0
2025-10-14,29.55,29.95,29.5,29.95,685077.0
2025-10-15,29.95,30.33,29.79,29.92,758681.0
2025-10-16,29.92,30.175,29.34,29.48,773042.0
2025-10-17,29.6,29.72,29.33,29.53,605603.0
2025-10-20,29.85,30.05,29.64,29.94,482789.0
2025-10-21,29.9,30.25,29.865,30.0,478738.0
2025-10-22,30.03,30.26,29.82,29.855,502576.0
2025-10-23,29.77,30.27,29.77,30.14,533872.0
2025-10-24,30.27,30.39,30.135,30.145,591388.0
2025-10-27,30.85,31.02,30.51,30.96,1695945.0
2025-10-28,31.04,31.46,30.99,31.17,1847640.0
2025-10-29,31.02,31.03,30.19,30.27,780908.0
2025-10-30,30.2,30.64,29.93,30.51,679534.0
2025-10-31,30.42,31.28,30.15,30.47,1570378.0
2025-11-03,30.49,30.55,29.88,30.06,925143.0
2025-11-04,30.08,30.28,29.06,29.07,1945572.0
2025-11-05,29.13,29.44,28.96,29.2,895840.0
2025-11-06,29.13,29.58,28.43,28.48,760464.0
2025-11-07,29.95,30.345,28.52,30.29,855569.0
2025-11-10,30.29,30.465,30.02,30.32,1025175.0
2025-11-11,30.36,30.485,30.02,30.22,690643.0
2025-11-12,30.14,30.33,29.87,30.33,1088882.0
2025-11-13,30.18,30.28,29.65,29.68,625945.0
2025-11-14,29.68,29.71,29.27,29.56,532674.0
2025-11-17,29.41,29.43,28.73,28.92,670404.0
2025-11-18,29.02,29.02,28.61,28.79,790341.0
2025-11-19,28.72,28.74,28.345,28.36,670942.0
2025-11-20,28.61,28.78,27.92,27.98,755887.0
2025-11-21,28.1,29.0999,28.1,29.0,767891.0
2025-11-24,29.0,29.16,28.62,28.86,910115.0
2025-11-25,29.02,29.24,28.505,29.06,642173.0
2025-11-26,29.14,29.38,28.985,29.32,639980.0
2025-11-28,29.33,29.55,29.24,29.43,776119.0
2025-12-01,29.38,29.585,28.95,28.98,574299.0
2025-12-02,29.02,29.03,28.69,28.97,881618.0
2025-12-03,29.15,29.15,28.85,29.01,671669.0
2025-12-04,28.98,29.33,28.98,29.13,695191.0
2025-12-05,28.95,29.76,28.91,29.59,824399.0
2025-12-08,29.79,30.0,29.055,29.32,645578.0
2025-12-09,29.31,29.51,29.12,29.44,526249.0
2025-12-10,29.37,29.65,29.3,29.52,1276783.0
2025-12-11,29.62,30.035,29.365,29.56,760810.0
2025-12-12,29.65,29.97,29.63,29.66,723614.0
2025-12-15,30.03,30.03,29.25,29.27,1776952.0
2025-12-16,29.32,29.525,29.14,29.48,1301232.0
2025-12-17,29.43,29.86,29.26,29.61,1005124.0
2025-12-18,29.72,29.9,29.495,29.77,1167197.0
2025-12-19,29.93,30.17,29.48,29.79,4740509.0
2025-12-22,29.84,30.27,29.84,29.89,708547.0
2025-12-23,29.91,30.08,29.88,30.0,393351.0
2025-12-24,30.1,30.18,29.805,30.01,404183.0
2025-12-26,29.87,30.11,29.81,29.87,314938.0
2025-12-29,30.11,30.24,29.745,29.8,577700.0
2025-12-30,29.8,30.12,29.725,29.92,463093.0
2025-12-31,30.06,30.06,29.57,29.63,618717.0
2026-01-02,29.64,29.99,29.29,29.77,589490.0
2026-01-05,29.7,30.29,29.57,29.9,800737.0
2026-01-06,29.78,30.13,29.7,30.1,729263.0
2026-01-07,30.13,30.37,29.98,30.15,691934.0
2026-01-08,30.06,30.54,30.01,30.26,1065002.0
2026-01-09,30.25,30.38,30.04,30.2,561493.0
2026-01-12,30.15,30.56,30.15,30.5,904931.0
2026-01-13,30.5,30.65,30.23,30.61,770960.0
2026-01-14,30.75,30.8,30.47,30.69,968235.0
2026-01-15,30.92,30.98,30.61,30.7,1160249.0
2026-01-16,30.71,30.87,30.14,30.29,1647702.0
2026-01-20,30.1,30.51,29.98,30.09,1409248.0
2026-01-21,30.64,30.64,30.15,30.25,1284178.0
2026-01-22,30.38,30.985,30.35,30.95,652210.0
2026-01-23,30.95,31.17,30.93,31.1,1155651.0
2026-01-26,30.99,31.21,30.855,31.01,565893.0
2026-01-27,30.97,31.025,30.785,30.84,902310.0
2026-01-28,30.87,31.085,30.55,30.61,985668.0
2026-01-29,30.76,30.82,30.28,30.61,2107623.0
2026-01-30,30.59,31.11,30.51,31.1,1181856.0
2026-02-02,31.4,31.4,30.65,30.88,1862506.0
2026-02-03,30.88,30.88,28.69,28.84,1547773.0
2026-02-04,28.51,28.765,28.0,28.09,3273869.0
2026-02-05,27.8,28.27,26.89,27.39,3424454.0
2026-02-06,26.72,27.115,25.57,25.65,3715792.0
2026-02-09,25.82,26.43,25.565,26.27,1931387.0
2026-02-10,26.55,27.38,26.52,27.2,1486066.0
2026-02-11,27.29,27.405,26.6,26.76,1337700.0
2026-02-12,26.82,27.005,25.51,25.66,1330354.0
2026-02-13,25.82,26.05,25.49,26.0,1194728.0
2026-02-17,26.2,26.5,25.955,26.32,1540908.0
2026-02-18,26.45,26.555,26.08,26.28,1460140.0
2026-02-19,26.2,26.37,25.975,26.19,1494448.0
2026-02-20,26.1,26.74,25.95,26.55,1091918.0
2026-02-23,26.14,26.34,25.74,25.84,1279128.365972
2026-02-24,25.75,26.34,25.6,26.04,1018149.57902
2026-02-25,26.13,26.37,25.83,26.26,1617802.3009
2026-02-26,26.29,27.13,26.29,26.94,1351034.12055
2026-02-27,26.68,26.975,26.58,26.78,1825903.555372
2026-03-02,26.09,26.64,26.09,26.41,1660383.941908
2026-03-03,26.09,26.49,25.9,26.22,1780201.351276
2026-03-04,26.22,26.93,26.22,26.69,1201813.497291
2026-03-05,26.67,27.145,26.555,26.935,1378605.176877
2026-03-06,26.99,27.74,26.9,27.7,1166080.165085
2026-03-09,27.1,27.79,26.91,27.71,1230134.74717
2026-03-10,27.59,27.6,27.051,27.22,956082.859505
2026-03-11,27.28,27.59,27.26,27.43,839129.267949
2026-03-12,27.33,27.64,26.6,26.66,1529973.65364
2026-03-13,26.86,27.145,26.71,26.76,787198.54105
2026-03-16,27.15,27.54,27.15,27.36,1148946.632772
2026-03-17,27.5,27.99,27.36,27.37,1064281.129992
2026-03-18,27.32,27.44,27.1,27.3,1690783.794089
2026-03-19,27.11,27.54,26.58,27.24,1737944.48014
2026-03-20,27.38,27.585,26.985,27.39,3183339.969516
2026-03-23,28.305,28.305,27.32,27.46,3268832.934633
2026-03-24,27.545,27.545,26.87,27.17,2211740.873183
2026-03-25,27.39,27.65,26.995,27.59,1213061.165747
2026-03-26,27.43,27.59,27.03,27.55,1109092.297544
2026-03-27,27.36,27.84,27.23,27.79,1779061.564536
2026-03-30,27.97,28.355,27.66,28.32,2454545.712237
2026-03-31,28.34,29.33,28.27,28.51,10382279.699962
2026-04-01,28.87,29.09,28.05,28.15,1884807.540506
2026-04-02,28.03,28.38,27.625,28.11,1360211.052146
2026-04-06,27.94,28.38,27.935,28.14,786568.902044
2026-04-07,28.15,28.4,28.035,28.1,719449.660516
2026-04-08,28.4,28.75,28.4,28.7,1144235.966989
2026-04-09,28.62,28.725,28.25,28.4,1029786.749593
2026-04-10,28.4,28.55,28.155,28.26,779825.549952
2026-04-13,28.22,28.84,28.19,28.83,720744.560619
2026-04-14,28.835,29.32,28.65,28.83,879455.848928
2026-04-15,28.98,29.39,28.95,29.15,969887.823982
2026-04-16,29.25,29.745,28.89,29.65,880778.754154
2026-04-17,29.73,30.17,29.6,29.96,692939.862865
2026-04-20,29.91,30.085,29.785,29.98,571249.083305
2026-04-21,29.82,30.52,29.78,30.42,790149.817688
2026-04-22,30.48,30.955,30.4,30.74,673354.04937
2026-04-23,30.87,30.91,30.03,30.4,1727166.229013
2026-04-24,30.415,30.575,30.13,30.24,777007.919466
2026-04-27,30.21,30.715,30.17,30.55,765136.502681
2026-04-28,30.6,30.72,30.06,30.14,1081862.10554
2026-04-29,29.76,30.32,29.76,30.25,834682.595207
2026-04-30,30.02,30.69,29.87,30.48,1569626.452104
2026-05-01,30.77,30.835,30.335,30.41,909675.891193
2026-05-04,30.24,30.49,29.81,29.82,976693.452109
2026-05-05,29.72,29.8225,29.175,29.38,1526707.466009
2026-05-06,29.61,30.62,29.61,30.23,1704527.846392
2026-05-07,30.1,30.89,29.8899,30.85,1716374.775725
2026-05-08,30.31,31.31,29.73,31.31,2393654.674953
2026-05-11,31.04,31.92,30.37,31.17,2361048.906896
2026-05-12,31.22,31.312,30.315,30.41,1835515.23685
2026-05-13,30.26,30.76,30.26,30.68,1271274.837023
2026-05-14,30.66,30.69,29.865,30.08,1236952.944558
2026-05-15,29.94,30.3,29.63,29.74,1167286.33005
2026-05-18,29.99,30.27,29.8,30.23,1518690.56133
2026-05-19,30.19,30.53,29.915,30.11,1143861.404316
2026-05-20,29.94,30.02,29.34,29.7,992793.353849
2026-05-21,29.46,30.13,29.42,30.08,1122410.285982
2026-05-22,30.33,30.65,29.43,29.68,1022330.93155
2026-05-26,29.71,30.07,29.555,29.95,991031.704647
2026-05-27,30.01,30.95,29.98,30.47,1597039.973646
2026-05-28,30.3,30.56,30.08,30.34,1113832.835497
2026-05-29,30.34,30.34,29.58,29.82,2095002.225975
2026-06-01,29.79,30.68,29.63,30.68,1385507.39178
2026-06-02,30.94,30.94,29.92,30.18,1595513.596644
2026-06-03,30.35,30.37,29.465,29.82,1208875.17865
2026-06-04,30.19,30.84,30.05,30.78,1199342.897132
2026-06-05,30.89,31.275,30.745,31.19,925987.898251
2026-06-08,31.07,31.09,30.37,31.03,953806.276434
2026-06-09,31.17,31.49,30.915,31.06,1125837.864239
2026-06-10,31.06,31.48,30.82,30.9,1168371.920577
2026-06-11,30.7,30.755,30.08,30.13,1570212.260588
2026-06-12,30.04,30.21,29.22,29.26,2240767.754829
2026-06-15,29.2,29.35,28.775,29.25,2276330.884336
2026-06-16,29.18,29.61,28.68,29.545,1620589.482111
2026-06-17,29.46,30.305,29.19,29.6,1502779.069536
2026-06-18,29.6,29.6,28.44,28.75,9584207.837201
2026-06-22,28.53,28.64,27.85,27.92,2144885.897953
2026-06-23,28.05,28.375,27.9,28.3,2809907.604122
2026-06-24,28.45,29.01,28.22,28.53,2130153.627277
2026-06-25,28.57,28.81,28.294,28.34,1394771.65936
2026-06-26,28.48,29.025,28.48,28.73,1682179.178437
2026-06-29,29.175,29.24,28.45,28.555,1861261.517539
2026-06-30,28.43,28.695,27.78,28.06,4480576.690967
2026-07-01,28.29,29.82,28.06,29.25,2134435.978093
2026-07-02,29.2,30.195,28.86,30.17,1478933.390918
2026-07-06,30.4,30.4,29.64,30.02,1387185.454738
2026-07-07,30.53,30.77,30.21,30.47,1440271.967633
2026-07-08,30.49,30.55,29.96,30.1,1469737.357645
2026-07-09,29.99,31.285,29.99,31.13,1717936.488344
2026-07-10,31.41,31.6,30.791,30.93,887052.555907
2026-07-13,31.07,31.54,31.02,31.41,1217640.510794
2026-07-14,30.93,31.24,30.87,31.15,1004075.260045
2026-07-15,31.15,32.05,30.85,31.66,1482531.42723
2026-07-16,31.96,32.66,31.95,32.54,1083346.076513
2026-07-17,32.64,32.91,32.19,32.42,1013115.831655
2026-07-20,32.43,32.48,32.04,32.21,882999.402098
2026-07-21,31.83,31.95,31.19,31.21,972237.39798
2026-07-22,31.645,31.645,30.84,30.95,751255.309298
2026-07-23,30.62,30.845,29.6,29.75,1078773.856608
